sku,source,category,title,brand,price,currency,price_source,product_url,image_url,scraped_at,username,user_id,full_name,is_verified,is_private,biography,bio_links_json,follower_count,following_count,recent_posts_json,shortcode,media_type,product_type,posted_at,like_count,comment_count,likes_hidden,caption,hashtags_json,mentions_json,alt_text,coauthors_json,tagged_users_json,media_count,media_urls_json,video_url,width,height
instagram-user-787132,instagram.com,profile,National Geographic,,,,,https://www.instagram.com/natgeo/,https://scontent.cdninstagram.com/v/t51.82787-19/683576066_18653628823019133_9051036240972105113_n.jpg?stp=dst-jpg_s150x150_tt6&_nc_cat=1&ccb=7-5&_nc_sid=f7ccc5&efg=eyJ2ZW5jb2RlX3RhZyI6InByb2ZpbGVfcGljLnd3dy40MDAuQzMifQ%3D%3D&_nc_ohc=eTrRzRk5QUEQ7kNvwFocyEo&_nc_oc=AdrcWuLdJh14RtHNMpJ1HhgrDFDdinm7K3uik9XbXE3DHlhhOPGUocp635rrv8q4jMI&_nc_zt=24&_nc_ht=scontent.cdninstagram.com&_nc_gid=99SbHQwc0ezfHX3INN-Sjg&_nc_ss=7f689&oh=00_AQMqnIiXZ9WysHJS7V1hT-3ztPveI9-uE28AsiF1648YUw&oe=6AC7EBEB,2026-10-04T08:38:08Z,natgeo,787132,National Geographic,True,False,Step into wonder and find your inner explorer with National Geographic 🌎,"[""http://visitstore.bio/natgeo"", ""https://ngmdomsubs.nationalgeographic.com/servlet/OrdersGateway?cds_mag_code=NGM&cds_page_id=283562&cds_response_key=I5FX10002""]",268456941,194,"[""DdG4RIxIPyf"", ""DbIdlf0j6uA"", ""DeBJRyaDIyP"", ""DeCbRyHgmlu"", ""DeCOar9gqof"", ""DeAZ0uAgNuA"", ""DeAG4zwDCj3"", ""Dd_irlvg4ar"", ""Dd8u0tIFz1F"", ""Dd97mt9AeqL"", ""Dd9nPU7Azb6"", ""Dd9IsqgFYoS""]",,,,,,,,,,,,,,,,,,
instagram-post-DeAZ0uAgNuA,instagram.com,post,"Presented by @Rolex. When Matt Shirley first shone his flashlight into a cave in Gabon, dozens of crocodile eyes stared…",,,,,https://www.instagram.com/p/DeAZ0uAgNuA/,https://instagram.fakx4-1.fna.fbcdn.net/v/t51.82787-15/829585622_18703580971019133_8641374472154578532_n.jpg?stp=dst-jpg_e35_tt6&_nc_cat=1&ig_cache_key=Mzk5OTMxMDA0MzA4MTEzNzAyNA%3D%3D.3-ccb7-5&ccb=7-5&_nc_sid=58cdad&efg=eyJ2ZW5jb2RlX3RhZyI6IkZFRUQueHBpZHMuMTM1MC5zZHIucmVndWxhcl9waG90by5DMyJ9&_nc_ohc=SnM9xycPrJMQ7kNvwGmr-Rz&_nc_oc=AdrvBHCVAsn5OQfbBlAI4c3fFZjwIE2n1ve93w2iRksMDQmGs_0U2kf5LOfNNGE6GsI&_nc_zt=23&_nc_ht=instagram.fakx4-1.fna&_nc_gid=VXEB6hOMKzrrg18NuxCNIg&_nc_ss=7f689&oh=00_AQPVECgvx4eptTD5njuhkjSbiT6KevqobQrePtMIH33Y_Q&oe=6AC7E921,2026-10-04T08:38:37Z,natgeo,787132,National Geographic,True,,,,,,,DeAZ0uAgNuA,image,feed,2026-10-02T21:05:27Z,47594,154,False,"Presented by @Rolex. When Matt Shirley first shone his flashlight into a cave in Gabon, dozens of crocodile eyes stared back at him. But these weren’t ordinary crocodiles. They were tiny, timid, and...orange. They had found an unlikely home underground, and an unusual source of food that helped them thrive. Discover more about the lives of Africa’s smallest crocodiles at the link in bio.

Through its partnership with the National Geographic Society and as part of its Perpetual Planet Initiative, #Rolex supports expeditions exploring and protecting remarkable places around the world, a selection of which are featured in #AfricaEarthsWildHome. #PerpetualPlanet

Photograph by @hammond_robin

Africa Earth’s Wild Home premieres Friday, October 2 at 8/7c on @NatGeoTV. Streaming next day on @DisneyPlus and @hulu.","[""Rolex"", ""AfricaEarthsWildHome"", ""PerpetualPlanet""]","[""Rolex"", ""hammond_robin"", ""NatGeoTV"", ""DisneyPlus"", ""hulu""]","Photo by National Geographic on October 02, 2026. May be an image of crocodile and text.",,,1,"[""https://instagram.fakx4-1.fna.fbcdn.net/v/t51.82787-15/829585622_18703580971019133_8641374472154578532_n.jpg?stp=dst-jpg_e35_tt6&_nc_cat=1&ig_cache_key=Mzk5OTMxMDA0MzA4MTEzNzAyNA%3D%3D.3-ccb7-5&ccb=7-5&_nc_sid=58cdad&efg=eyJ2ZW5jb2RlX3RhZyI6IkZFRUQueHBpZHMuMTM1MC5zZHIucmVndWxhcl9waG90by5DMyJ9&_nc_ohc=SnM9xycPrJMQ7kNvwGmr-Rz&_nc_oc=AdrvBHCVAsn5OQfbBlAI4c3fFZjwIE2n1ve93w2iRksMDQmGs_0U2kf5LOfNNGE6GsI&_nc_zt=23&_nc_ht=instagram.fakx4-1.fna&_nc_gid=VXEB6hOMKzrrg18NuxCNIg&_nc_ss=7f689&oh=00_AQPVECgvx4eptTD5njuhkjSbiT6KevqobQrePtMIH33Y_Q&oe=6AC7E921""]",,1350,1688
instagram-post-Dd_irlvg4ar,instagram.com,post,Presented by @Rolex. A simple branch becomes a fishing rod in the hands of these resourceful chimpanzees. This techniqu…,,,,,https://www.instagram.com/reel/Dd_irlvg4ar/,https://instagram.fakx4-1.fna.fbcdn.net/v/t51.82787-15/829146391_18703425160019133_7340519214157075138_n.jpg?stp=dst-jpg_e15_tt6&_nc_cat=1&ig_cache_key=Mzk5OTA2NzUyMzE3Mjc2MzMwNw%3D%3D.3-ccb7-5&ccb=7-5&_nc_sid=58cdad&efg=eyJ2ZW5jb2RlX3RhZyI6IkNMSVBTLnhwaWRzLjEwODAuc2RyLnZpZGVvX2RlZmF1bHRfY292ZXJfZnJhbWUuQzMifQ%3D%3D&_nc_ohc=yEnqYrbMqpEQ7kNvwH1sfU3&_nc_oc=Adq1-krvCl9iWiaw23H-BNwDxyNt-gerem_m5HgyGU1kjc9wLnLwnrtF3WIjjXpGGqk&_nc_zt=23&_nc_ht=instagram.fakx4-1.fna&_nc_gid=3mK565G6Oh6MRm9RZwpR9g&_nc_ss=7f689&oh=00_AQMUeLsBEy0yhQb5YJ8Bccw_PE4mLmizxfcRHQnA7XHhMQ&oe=6AC7DF78,2026-10-04T08:38:46Z,natgeo,787132,National Geographic,True,,,,,,,Dd_irlvg4ar,video,clips,2026-10-02T13:01:26Z,290088,1301,False,"Presented by @Rolex. A simple branch becomes a fishing rod in the hands of these resourceful chimpanzees. This technique allows them to harvest algae without getting wet. 

Through its partnership with the National Geographic Society and as part of its Perpetual Planet Initiative, #Rolex supports expeditions exploring and protecting remarkable places around the world, a selection of which are featured in Africa Earth’s Wild Home. #PerpetualPlanet

#AfricaEarthsWildHome premieres tonight at 8/7c on National Geographic. Streaming tomorrow on @DisneyPlus and @hulu.","[""Rolex"", ""PerpetualPlanet"", ""AfricaEarthsWildHome""]","[""Rolex"", ""DisneyPlus"", ""hulu""]","Video by National Geographic on October 02, 2026. May be an image of animal and text.",,,1,"[""https://instagram.fakx4-1.fna.fbcdn.net/o1/v/t2/f2/m86/AQNpFqO89PmsZhVHUMecFruonvnkXFhxN6n25Nu3d81HSdZEVlorP5wJkT5Ds_NNUCfPqv7ghRhrH4hz3IlgR6A-fBLnlqsMf6zCYWM.mp4?_nc_cat=102&_nc_oc=AdqgH7s9Ps7sHyRyFAUjmUdtCsbwa5zsPSdrwo-Evz5b51cVeHLuabxU1Xs-o1zRPN8&_nc_sid=5e9851&_nc_ht=instagram.fakx4-1.fna.fbcdn.net&_nc_ohc=ddK8WYwO0BMQ7kNvwGnNY67&efg=eyJ2ZW5jb2RlX3RhZyI6Inhwdl9wcm9ncmVzc2l2ZS5JTlNUQUdSQU0uQ0xJUFMuQzMuNzIwLmRhc2hfYmFzZWxpbmVfMV92MSIsInhwdl9hc3NldF9pZCI6MjU5NTYxMzUyNDIxMzQyOSwiYXNzZXRfYWdlX2RheXMiOjEsInZpX3VzZWNhc2VfaWQiOjEwMDk5LCJkdXJhdGlvbl9zIjoyOSwidXJsZ2VuX3NvdXJjZSI6Ind3dyJ9&ccb=17-1&vs=3e2493eb5b38605c&_nc_vs=HBksFQIYUmlnX3hwdl9yZWVsc19wZXJtYW5lbnRfc3JfcHJvZC9DMUFFNDFGMDAyNTA0ODBCQjI2QUFCNkQwNTJCRkQwRV92aWRlb19kYXNoaW5pdC5tcDQVAALIARIAFQIYUWlnX3hwdl9wbGFjZW1lbnRfcGVybWFuZW50X3YyLzQ1RTA0MjY1OTI1RjREOTM4QUMyRDM4RTczNTZFN0EzX2F1ZGlvX2Rhc2hpbml0Lm1wNBUCAsgBEgAoABgAGwKIB3VzZV9vaWwBMRJwcm9ncmVzc2l2ZV9yZWNpcGUBMRUAACbq-q3hy6ycCRUCKAJDMywXQD3yLQ5WBBkYEmRhc2hfYmFzZWxpbmVfMV92MREAdf4HZeadAQA&_nc_gid=3mK565G6Oh6MRm9RZwpR9g&_nc_ss=7f689&_nc_map=urlgen_bucketless&_nc_zt=28&oh=00_AQPoHmfJkv4PXoFEyltT2IzvFBf6JZ_xvaECxcYkZhJ61w&oe=6AC3D84F""]",https://instagram.fakx4-1.fna.fbcdn.net/o1/v/t2/f2/m86/AQNpFqO89PmsZhVHUMecFruonvnkXFhxN6n25Nu3d81HSdZEVlorP5wJkT5Ds_NNUCfPqv7ghRhrH4hz3IlgR6A-fBLnlqsMf6zCYWM.mp4?_nc_cat=102&_nc_oc=AdqgH7s9Ps7sHyRyFAUjmUdtCsbwa5zsPSdrwo-Evz5b51cVeHLuabxU1Xs-o1zRPN8&_nc_sid=5e9851&_nc_ht=instagram.fakx4-1.fna.fbcdn.net&_nc_ohc=ddK8WYwO0BMQ7kNvwGnNY67&efg=eyJ2ZW5jb2RlX3RhZyI6Inhwdl9wcm9ncmVzc2l2ZS5JTlNUQUdSQU0uQ0xJUFMuQzMuNzIwLmRhc2hfYmFzZWxpbmVfMV92MSIsInhwdl9hc3NldF9pZCI6MjU5NTYxMzUyNDIxMzQyOSwiYXNzZXRfYWdlX2RheXMiOjEsInZpX3VzZWNhc2VfaWQiOjEwMDk5LCJkdXJhdGlvbl9zIjoyOSwidXJsZ2VuX3NvdXJjZSI6Ind3dyJ9&ccb=17-1&vs=3e2493eb5b38605c&_nc_vs=HBksFQIYUmlnX3hwdl9yZWVsc19wZXJtYW5lbnRfc3JfcHJvZC9DMUFFNDFGMDAyNTA0ODBCQjI2QUFCNkQwNTJCRkQwRV92aWRlb19kYXNoaW5pdC5tcDQVAALIARIAFQIYUWlnX3hwdl9wbGFjZW1lbnRfcGVybWFuZW50X3YyLzQ1RTA0MjY1OTI1RjREOTM4QUMyRDM4RTczNTZFN0EzX2F1ZGlvX2Rhc2hpbml0Lm1wNBUCAsgBEgAoABgAGwKIB3VzZV9vaWwBMRJwcm9ncmVzc2l2ZV9yZWNpcGUBMRUAACbq-q3hy6ycCRUCKAJDMywXQD3yLQ5WBBkYEmRhc2hfYmFzZWxpbmVfMV92MREAdf4HZeadAQA&_nc_gid=3mK565G6Oh6MRm9RZwpR9g&_nc_ss=7f689&_nc_map=urlgen_bucketless&_nc_zt=28&oh=00_AQPoHmfJkv4PXoFEyltT2IzvFBf6JZ_xvaECxcYkZhJ61w&oe=6AC3D84F,720,1280
instagram-post-DeBJRyaDIyP,instagram.com,post,"Presented by @Rolex. When the millionaire who owned the world's largest rhino herd ran out of money, the conservationis…",,,,,https://www.instagram.com/p/DeBJRyaDIyP/,https://instagram.fakx4-1.fna.fbcdn.net/v/t51.82787-15/830281680_18703676641019133_4340940660944905612_n.jpg?stp=dst-jpg_e35_tt6&_nc_cat=1&ig_cache_key=Mzk5OTUxODY4OTgyNDg4MzQwNA%3D%3D.3-ccb7-5&ccb=7-5&_nc_sid=58cdad&efg=eyJ2ZW5jb2RlX3RhZyI6IkNBUk9VU0VMX0lURU0ueHBpZHMuMTQzOS5zZHIucmVndWxhcl9waG90by5DMyJ9&_nc_ohc=_blAPE3qrBQQ7kNvwFqQ9oA&_nc_oc=AdqORNPcH_o-WpUntAL_rv0nHc8isOj8cyzm9b91ylmffWeOWqCSffb1orDVR8OdNj0&_nc_zt=23&_nc_ht=instagram.fakx4-1.fna&_nc_gid=BHtKPrqiozZnnTXPM3BJIQ&_nc_ss=7f689&oh=00_AQOGd7qmYd-yXlxcwJeLW806GGIMnJJYh9-DDO-Qqx0HUA&oe=6AC7C933,2026-10-04T08:38:23Z,natgeo,787132,National Geographic,True,,,,,,,DeBJRyaDIyP,carousel,carousel_container,2026-10-04T01:00:01Z,65572,141,False,"Presented by @Rolex. When the millionaire who owned the world's largest rhino herd ran out of money, the conservationists who took over responsibility for the herd in 2023 had an audacious idea: split 2,000 southern white rhinos into smaller groups and seed them across Africa. The goal is to protect them from poachers and ensure the species has the best chance of survival. While the plan is working, their mission is far from over. 

Through its partnership with the National Geographic Society and as part of its Perpetual Planet Initiative, #Rolex supports expeditions exploring and protecting remarkable places around the world, a selection of which are featured in #AfricaEarthsWildHome. #PerpetualPlanet

Learn more about this historic plan to save the white rhino at the link in bio.

Photographs by @brentstirton","[""Rolex"", ""AfricaEarthsWildHome"", ""PerpetualPlanet""]","[""Rolex"", ""brentstirton""]","Photo by National Geographic on October 03, 2026. May be an image of text.",,,6,"[""https://instagram.fakx4-1.fna.fbcdn.net/v/t51.82787-15/830281680_18703676641019133_4340940660944905612_n.jpg?stp=dst-jpg_e35_tt6&_nc_cat=1&ig_cache_key=Mzk5OTUxODY4OTgyNDg4MzQwNA%3D%3D.3-ccb7-5&ccb=7-5&_nc_sid=58cdad&efg=eyJ2ZW5jb2RlX3RhZyI6IkNBUk9VU0VMX0lURU0ueHBpZHMuMTQzOS5zZHIucmVndWxhcl9waG90by5DMyJ9&_nc_ohc=_blAPE3qrBQQ7kNvwFqQ9oA&_nc_oc=AdqORNPcH_o-WpUntAL_rv0nHc8isOj8cyzm9b91ylmffWeOWqCSffb1orDVR8OdNj0&_nc_zt=23&_nc_ht=instagram.fakx4-1.fna&_nc_gid=BHtKPrqiozZnnTXPM3BJIQ&_nc_ss=7f689&oh=00_AQOGd7qmYd-yXlxcwJeLW806GGIMnJJYh9-DDO-Qqx0HUA&oe=6AC7C933"", ""https://instagram.fakx4-1.fna.fbcdn.net/v/t51.82787-15/834800738_18703676638019133_4815829723074038505_n.jpg?stp=dst-jpg_e35_tt6&_nc_cat=1&ig_cache_key=Mzk5OTUxODY4OTA2MTU2MTY5OQ%3D%3D.3-ccb7-5&ccb=7-5&_nc_sid=58cdad&efg=eyJ2ZW5jb2RlX3RhZyI6IkNBUk9VU0VMX0lURU0ueHBpZHMuMTQzOS5zZHIucmVndWxhcl9waG90by5DMyJ9&_nc_ohc=YrgIui0Pih0Q7kNvwFeGDKw&_nc_oc=Adoed2EU8Jf0F8te72AUq9og60elDycaJOL4X_V54L3o5WFIFrnfFHLUldDUau9rLIk&_nc_zt=23&_nc_ht=instagram.fakx4-1.fna&_nc_gid=BHtKPrqiozZnnTXPM3BJIQ&_nc_ss=7f689&oh=00_AQO5mbop1g0Yf2LIm68JQdiQzV7CwffbuOxuLkPIfAlRXQ&oe=6AC7CE8D"", ""https://instagram.fakx4-1.fna.fbcdn.net/v/t51.82787-15/836320137_18703676650019133_8317267540358672226_n.jpg?stp=dst-jpg_e35_tt6&_nc_cat=1&ig_cache_key=Mzk5OTUxODY4OTEwMzQ3NjExNg%3D%3D.3-ccb7-5&ccb=7-5&_nc_sid=58cdad&efg=eyJ2ZW5jb2RlX3RhZyI6IkNBUk9VU0VMX0lURU0ueHBpZHMuMTQzOS5zZHIucmVndWxhcl9waG90by5DMyJ9&_nc_ohc=mr_rlINH1xQQ7kNvwGGbyG9&_nc_oc=AdrCQcO--oPw05HGxkU9fPfzKyzJo0gzt13lZB3na9CLMwZuOhqzulEIj9c0H3JDGqg&_nc_zt=23&_nc_ht=instagram.fakx4-1.fna&_nc_gid=BHtKPrqiozZnnTXPM3BJIQ&_nc_ss=7f689&oh=00_AQMRfT5rtl4M_b-EkF9JLjd9JXcvBfa4_p4sWlfRDN2tHw&oe=6AC7F56A"", ""https://instagram.fakx4-1.fna.fbcdn.net/v/t51.82787-15/831905913_18703676692019133_5907315280527767592_n.jpg?stp=dst-jpg_e35_tt6&_nc_cat=1&ig_cache_key=Mzk5OTUxODY5NTExODA3ODE4MA%3D%3D.3-ccb7-5&ccb=7-5&_nc_sid=58cdad&efg=eyJ2ZW5jb2RlX3RhZyI6IkNBUk9VU0VMX0lURU0ueHBpZHMuMTQzOS5zZHIucmVndWxhcl9waG90by5DMyJ9&_nc_ohc=e8H53E3h_F8Q7kNvwFlgtgq&_nc_oc=AdqOUHy45V6LESBnQfYTsDGIRIlHFErIho6sDzftqA-dRlM_L8KKKQT7qqSlY42SFgg&_nc_zt=23&_nc_ht=instagram.fakx4-1.fna&_nc_gid=BHtKPrqiozZnnTXPM3BJIQ&_nc_ss=7f689&oh=00_AQMNMZcdA81L-K8qSvNvxCk-CpBwuSojZPMO3gm4KEB3SQ&oe=6AC7E34C"", ""https://instagram.fakx4-1.fna.fbcdn.net/v/t51.82787-15/831437367_18703676701019133_3019304572312458159_n.jpg?stp=dst-jpg_e35_tt6&_nc_cat=1&ig_cache_key=Mzk5OTUxODY5Mjg4NjcxOTIwNw%3D%3D.3-ccb7-5&ccb=7-5&_nc_sid=58cdad&efg=eyJ2ZW5jb2RlX3RhZyI6IkNBUk9VU0VMX0lURU0ueHBpZHMuMTQzOS5zZHIucmVndWxhcl9waG90by5DMyJ9&_nc_ohc=QDWmTWHWK_sQ7kNvwGpyQar&_nc_oc=Adpgwt9gUVoupTx3rT15VhMSNYjuG1eVmZwwk_eRjtZkxBaIGj86a_nJIsBChFqivJo&_nc_zt=23&_nc_ht=instagram.fakx4-1.fna&_nc_gid=BHtKPrqiozZnnTXPM3BJIQ&_nc_ss=7f689&oh=00_AQOBZsn3NDJvAvxY4ZAdPSN6tSGrL9QtrftU69yirc4nYA&oe=6AC7CD57"", ""https://instagram.fakx4-1.fna.fbcdn.net/v/t51.82787-15/833936075_18703676677019133_5398186428395796262_n.jpg?stp=dst-jpg_e35_tt6&_nc_cat=1&ig_cache_key=Mzk5OTUxODY5MjcyNzM3OTQ5Mg%3D%3D.3-ccb7-5&ccb=7-5&_nc_sid=58cdad&efg=eyJ2ZW5jb2RlX3RhZyI6IkNBUk9VU0VMX0lURU0ueHBpZHMuMTQzOS5zZHIucmVndWxhcl9waG90by5DMyJ9&_nc_ohc=UutUH-iX_SQQ7kNvwFkglhW&_nc_oc=AdpWmleDidl5wTfLJxVy5AgAVvhBNlHDHQ_ENBFzJnfAd6fyd6WzuPNAv5okoc0GaxQ&_nc_zt=23&_nc_ht=instagram.fakx4-1.fna&_nc_gid=BHtKPrqiozZnnTXPM3BJIQ&_nc_ss=7f689&oh=00_AQPxNGrBIHRZUrAZFTon026vCI6iNlaEI4z0iWcF8UyXkw&oe=6AC7CEB2""]",,1439,960
